-- liquibase formatted sql

-- changeset ahmet:1713874271880-1
CREATE TABLE "privilege" ("id" BIGINT GENERATED BY DEFAULT AS IDENTITY NOT NULL, "is_active" BOOLEAN DEFAULT TRUE NOT NULL, "unique_id" VARCHAR(36), "create_date" TIMESTAMP WITHOUT TIME ZONE, "create_user" BIGINT, "update_date" TIMESTAMP WITHOUT TIME ZONE, "update_user" BIGINT, "name" VARCHAR(50) NOT NULL, "title" VARCHAR(150) NOT NULL, "parent_id" BIGINT, CONSTRAINT "privilege_pk" PRIMARY KEY ("id"));

-- changeset ahmet:1713874271880-2
CREATE TABLE "role" ("id" BIGINT GENERATED BY DEFAULT AS IDENTITY (START WITH 4) NOT NULL, "is_active" BOOLEAN DEFAULT TRUE NOT NULL, "unique_id" VARCHAR(36), "create_date" TIMESTAMP WITHOUT TIME ZONE, "create_user" BIGINT, "update_date" TIMESTAMP WITHOUT TIME ZONE, "update_user" BIGINT, "name" VARCHAR(100), CONSTRAINT "role_pk" PRIMARY KEY ("id"));

-- changeset ahmet:1713874271880-3
CREATE TABLE "users" ("id" BIGINT GENERATED BY DEFAULT AS IDENTITY (START WITH 3) NOT NULL, "is_active" BOOLEAN DEFAULT TRUE NOT NULL, "unique_id" VARCHAR(36), "create_date" TIMESTAMP WITHOUT TIME ZONE, "create_user" BIGINT, "update_date" TIMESTAMP WITHOUT TIME ZONE, "update_user" BIGINT, "email" VARCHAR(150) NOT NULL, "password" VARCHAR(150) NOT NULL, "name" VARCHAR(100), "surname" VARCHAR(100), "address" VARCHAR(500), CONSTRAINT "users_pk" PRIMARY KEY ("id"));

-- changeset ahmet:1713874271880-4
CREATE TABLE "test" ("id" BIGINT GENERATED BY DEFAULT AS IDENTITY (START WITH 6) NOT NULL, "is_active" BOOLEAN DEFAULT TRUE NOT NULL, "unique_id" VARCHAR(36), "create_date" TIMESTAMP WITHOUT TIME ZONE, "create_user" BIGINT, "update_date" TIMESTAMP WITHOUT TIME ZONE, "update_user" BIGINT, "name" VARCHAR(50) NOT NULL, CONSTRAINT "test_pk" PRIMARY KEY ("id"));

-- changeset ahmet:1713874271880-5
CREATE TABLE "role_privilege" ("fk_role_id" BIGINT NOT NULL, "fk_privilege_id" BIGINT NOT NULL);

-- changeset ahmet:1713874271880-6
CREATE TABLE "user_role" ("fk_user_id" BIGINT NOT NULL, "fk_role_id" BIGINT NOT NULL);

-- changeset ahmet:1713874271880-7
CREATE INDEX "role_name_is_active_index" ON "role"("name", "is_active");

-- changeset ahmet:1713874271880-8
ALTER TABLE "role_privilege" ADD CONSTRAINT "role_privilege_uniq" UNIQUE ("fk_role_id", "fk_privilege_id");

-- changeset ahmet:1713874271880-9
ALTER TABLE "user_role" ADD CONSTRAINT "user_role_uniq" UNIQUE ("fk_user_id", "fk_role_id");

-- changeset ahmet:1713874271880-10
CREATE SEQUENCE  IF NOT EXISTS "revinfo_seq" AS bigint START WITH 1 INCREMENT BY 50 MINVALUE 1 MAXVALUE 9223372036854775807 CACHE 1;

-- changeset ahmet:1713874271880-11
CREATE TABLE "privilege_audit" ("id" BIGINT NOT NULL, "rev" INTEGER NOT NULL, "revtype" SMALLINT, "is_active" BOOLEAN, "create_date" TIMESTAMP WITHOUT TIME ZONE, "create_user" BIGINT, "unique_id" VARCHAR(255), "update_date" TIMESTAMP WITHOUT TIME ZONE, "update_user" BIGINT, "name" VARCHAR(255), "parent_id" BIGINT NOT NULL, "title" VARCHAR(255));

-- changeset ahmet:1713874271880-12
CREATE TABLE "revinfo" ("rev" INTEGER NOT NULL, "revtstmp" BIGINT, CONSTRAINT "revinfo_pkey" PRIMARY KEY ("rev"));

-- changeset ahmet:1713874271880-13
CREATE TABLE "role_audit" ("id" BIGINT NOT NULL, "rev" INTEGER NOT NULL, "revtype" SMALLINT, "is_active" BOOLEAN, "create_date" TIMESTAMP WITHOUT TIME ZONE, "create_user" BIGINT, "unique_id" VARCHAR(255), "update_date" TIMESTAMP WITHOUT TIME ZONE, "update_user" BIGINT, "name" VARCHAR(255));

-- changeset ahmet:1713874271880-14
CREATE TABLE "role_privilege_audit" ("rev" INTEGER NOT NULL, "fk_role_id" BIGINT NOT NULL, "fk_privilege_id" BIGINT NOT NULL, "revtype" SMALLINT, CONSTRAINT "role_privilege_audit_pkey" PRIMARY KEY ("rev", "fk_role_id", "fk_privilege_id"));

-- changeset ahmet:1713874271880-15
CREATE TABLE "test_audit" ("id" BIGINT NOT NULL, "rev" INTEGER NOT NULL, "revtype" SMALLINT, "is_active" BOOLEAN, "create_date" TIMESTAMP WITHOUT TIME ZONE, "create_user" BIGINT, "unique_id" VARCHAR(255), "update_date" TIMESTAMP WITHOUT TIME ZONE, "update_user" BIGINT, "name" VARCHAR(255));

-- changeset ahmet:1713874271880-16
CREATE TABLE "user_role_audit" ("rev" INTEGER NOT NULL, "fk_user_id" BIGINT NOT NULL, "fk_role_id" BIGINT NOT NULL, "revtype" SMALLINT, CONSTRAINT "user_role_audit_pkey" PRIMARY KEY ("rev", "fk_user_id", "fk_role_id"));

-- changeset ahmet:1713874271880-17
CREATE TABLE "users_audit" ("id" BIGINT NOT NULL, "rev" INTEGER NOT NULL, "revtype" SMALLINT, "is_active" BOOLEAN, "create_date" TIMESTAMP WITHOUT TIME ZONE, "create_user" BIGINT, "unique_id" VARCHAR(255), "update_date" TIMESTAMP WITHOUT TIME ZONE, "update_user" BIGINT, "address" VARCHAR(255), "email" VARCHAR(255), "name" VARCHAR(255), "password" VARCHAR(255), "surname" VARCHAR(255));

-- changeset ahmet:1713874271880-18
ALTER TABLE "privilege_audit" ADD CONSTRAINT "privilege_audit_pkey" PRIMARY KEY ("parent_id", "rev", "id");

-- changeset ahmet:1713874271880-19
ALTER TABLE "role_audit" ADD CONSTRAINT "role_audit_pkey" PRIMARY KEY ("rev", "id");

-- changeset ahmet:1713874271880-20
ALTER TABLE "test_audit" ADD CONSTRAINT "test_audit_pkey" PRIMARY KEY ("rev", "id");

-- changeset ahmet:1713874271880-21
ALTER TABLE "users_audit" ADD CONSTRAINT "users_audit_pkey" PRIMARY KEY ("rev", "id");

-- changeset ahmet:1713874271880-22
ALTER TABLE "test_audit" ADD CONSTRAINT "fk4vawkjsl6jslrlg61lp67y32q" FOREIGN KEY ("rev") REFERENCES "revinfo" ("rev") ON UPDATE NO ACTION ON DELETE NO ACTION;

-- changeset ahmet:1713874271880-23
ALTER TABLE "role_privilege_audit" ADD CONSTRAINT "fk7ihn6c9id6xemjay8n638tg9l" FOREIGN KEY ("rev") REFERENCES "revinfo" ("rev") ON UPDATE NO ACTION ON DELETE NO ACTION;

-- changeset ahmet:1713874271880-24
ALTER TABLE "privilege" ADD CONSTRAINT "fkahyelx161ukoxm5ont8yfsbgu" FOREIGN KEY ("parent_id") REFERENCES "privilege" ("id") ON UPDATE NO ACTION ON DELETE NO ACTION;

-- changeset ahmet:1713874271880-25
ALTER TABLE "users_audit" ADD CONSTRAINT "fkc949ty2p8metf4krhi4qtk25k" FOREIGN KEY ("rev") REFERENCES "revinfo" ("rev") ON UPDATE NO ACTION ON DELETE NO ACTION;

-- changeset ahmet:1713874271880-26
ALTER TABLE "user_role_audit" ADD CONSTRAINT "fkdjl9ndf4cevrnchltxctk79lq" FOREIGN KEY ("rev") REFERENCES "revinfo" ("rev") ON UPDATE NO ACTION ON DELETE NO ACTION;

-- changeset ahmet:1713874271880-27
ALTER TABLE "user_role" ADD CONSTRAINT "fkfh5cd5dto0lin09k3niq509ur" FOREIGN KEY ("fk_user_id") REFERENCES "users" ("id") ON UPDATE NO ACTION ON DELETE NO ACTION;

-- changeset ahmet:1713874271880-28
ALTER TABLE "role_privilege" ADD CONSTRAINT "fkfmvrk20793tbiu9f25yc9bglq" FOREIGN KEY ("fk_role_id") REFERENCES "role" ("id") ON UPDATE NO ACTION ON DELETE NO ACTION;

-- changeset ahmet:1713874271880-29
ALTER TABLE "role_audit" ADD CONSTRAINT "fkg268le7safjx70okmb2d6n03b" FOREIGN KEY ("rev") REFERENCES "revinfo" ("rev") ON UPDATE NO ACTION ON DELETE NO ACTION;

-- changeset ahmet:1713874271880-30
ALTER TABLE "privilege" ADD CONSTRAINT "fkhyv4umb04x9csyp2fo833fppb" FOREIGN KEY ("id") REFERENCES "privilege" ("id") ON UPDATE NO ACTION ON DELETE NO ACTION;

-- changeset ahmet:1713874271880-31
ALTER TABLE "privilege_audit" ADD CONSTRAINT "fkjb5w0607ody5hw1nmb5m3i83e" FOREIGN KEY ("rev") REFERENCES "revinfo" ("rev") ON UPDATE NO ACTION ON DELETE NO ACTION;

-- changeset ahmet:1713874271880-32
ALTER TABLE "role_privilege" ADD CONSTRAINT "fklevhj4fda5j3q4fghgggfk5pd" FOREIGN KEY ("fk_privilege_id") REFERENCES "privilege" ("id") ON UPDATE NO ACTION ON DELETE NO ACTION;

-- changeset ahmet:1713874271880-33
ALTER TABLE "user_role" ADD CONSTRAINT "fkmcxqgkmrdj4o9ghi1o5o31cep" FOREIGN KEY ("fk_role_id") REFERENCES "role" ("id") ON UPDATE NO ACTION ON DELETE NO ACTION;

--------

-- liquibase formatted sql

-- changeset ahmet:1713874305788-1
INSERT INTO "privilege" ("id", "is_active", "unique_id", "create_date", "create_user", "update_date", "update_user", "name", "title", "parent_id") VALUES (100000, TRUE, NULL, '2024-04-23 14:31:57.735221', 1, NULL, NULL, 'UM.*', 'Kullanıcı Yönetimi', NULL);
INSERT INTO "privilege" ("id", "is_active", "unique_id", "create_date", "create_user", "update_date", "update_user", "name", "title", "parent_id") VALUES (100100, TRUE, NULL, '2024-04-23 14:31:57.737136', 1, NULL, NULL, 'UM.01.*', 'Kullanıcı Yönetimi - 1', 100000);
INSERT INTO "privilege" ("id", "is_active", "unique_id", "create_date", "create_user", "update_date", "update_user", "name", "title", "parent_id") VALUES (100101, TRUE, NULL, '2024-04-23 14:31:57.738727', 1, NULL, NULL, 'UM.01.01', 'Kullanıcı Yönetimi - Listeleme', 100100);
INSERT INTO "privilege" ("id", "is_active", "unique_id", "create_date", "create_user", "update_date", "update_user", "name", "title", "parent_id") VALUES (100102, TRUE, NULL, '2024-04-23 14:31:57.740274', 1, NULL, NULL, 'UM.01.02', 'Kullanıcı Yönetimi - Okuma', 100100);
INSERT INTO "privilege" ("id", "is_active", "unique_id", "create_date", "create_user", "update_date", "update_user", "name", "title", "parent_id") VALUES (100103, TRUE, NULL, '2024-04-23 14:31:57.741787', 1, NULL, NULL, 'UM.01.03', 'Kullanıcı Yönetimi - Ekleme', 100100);
INSERT INTO "privilege" ("id", "is_active", "unique_id", "create_date", "create_user", "update_date", "update_user", "name", "title", "parent_id") VALUES (100104, TRUE, NULL, '2024-04-23 14:31:57.743587', 1, NULL, NULL, 'UM.01.04', 'Kullanıcı Yönetimi - Güncelleme', 100100);
INSERT INTO "privilege" ("id", "is_active", "unique_id", "create_date", "create_user", "update_date", "update_user", "name", "title", "parent_id") VALUES (100105, TRUE, NULL, '2024-04-23 14:31:57.745397', 1, NULL, NULL, 'UM.01.05', 'Kullanıcı Yönetimi - Silme', 100100);
INSERT INTO "privilege" ("id", "is_active", "unique_id", "create_date", "create_user", "update_date", "update_user", "name", "title", "parent_id") VALUES (100106, TRUE, NULL, '2024-04-23 14:31:57.746942', 1, NULL, NULL, 'UM.01.06', 'Kullanıcı Yönetimi - Dışa Aktar', 100100);
INSERT INTO "privilege" ("id", "is_active", "unique_id", "create_date", "create_user", "update_date", "update_user", "name", "title", "parent_id") VALUES (100107, TRUE, NULL, '2024-04-23 14:31:57.748426', 1, NULL, NULL, 'UM.01.07', 'Kullanıcı Yönetimi - Tarihçe', 100100);
INSERT INTO "privilege" ("id", "is_active", "unique_id", "create_date", "create_user", "update_date", "update_user", "name", "title", "parent_id") VALUES (200000, TRUE, NULL, '2024-04-23 14:31:57.749913', 1, NULL, NULL, 'RM.*', 'Rol Yönetimi', NULL);
INSERT INTO "privilege" ("id", "is_active", "unique_id", "create_date", "create_user", "update_date", "update_user", "name", "title", "parent_id") VALUES (200100, TRUE, NULL, '2024-04-23 14:31:57.751506', 1, NULL, NULL, 'RM.01.*', 'Rol Yönetimi - 1', 200000);
INSERT INTO "privilege" ("id", "is_active", "unique_id", "create_date", "create_user", "update_date", "update_user", "name", "title", "parent_id") VALUES (200101, TRUE, NULL, '2024-04-23 14:31:57.753106', 1, NULL, NULL, 'RM.01.01', 'Rol Yönetimi - Listeleme', 200100);
INSERT INTO "privilege" ("id", "is_active", "unique_id", "create_date", "create_user", "update_date", "update_user", "name", "title", "parent_id") VALUES (200102, TRUE, NULL, '2024-04-23 14:31:57.754649', 1, NULL, NULL, 'RM.01.02', 'Rol Yönetimi - Okuma', 200100);
INSERT INTO "privilege" ("id", "is_active", "unique_id", "create_date", "create_user", "update_date", "update_user", "name", "title", "parent_id") VALUES (200103, TRUE, NULL, '2024-04-23 14:31:57.756154', 1, NULL, NULL, 'RM.01.03', 'Rol Yönetimi - Ekleme', 200100);
INSERT INTO "privilege" ("id", "is_active", "unique_id", "create_date", "create_user", "update_date", "update_user", "name", "title", "parent_id") VALUES (200104, TRUE, NULL, '2024-04-23 14:31:57.757901', 1, NULL, NULL, 'RM.01.04', 'Rol Yönetimi - Güncelleme', 200100);
INSERT INTO "privilege" ("id", "is_active", "unique_id", "create_date", "create_user", "update_date", "update_user", "name", "title", "parent_id") VALUES (200105, TRUE, NULL, '2024-04-23 14:31:57.759509', 1, NULL, NULL, 'RM.01.05', 'Rol Yönetimi - Silme', 200100);
INSERT INTO "privilege" ("id", "is_active", "unique_id", "create_date", "create_user", "update_date", "update_user", "name", "title", "parent_id") VALUES (200106, TRUE, NULL, '2024-04-23 14:31:57.761153', 1, NULL, NULL, 'RM.01.06', 'Rol Yönetimi - Dışa Aktar', 200100);
INSERT INTO "privilege" ("id", "is_active", "unique_id", "create_date", "create_user", "update_date", "update_user", "name", "title", "parent_id") VALUES (200107, TRUE, NULL, '2024-04-23 14:31:57.762783', 1, NULL, NULL, 'RM.01.07', 'Rol Yönetimi - Tarihçe', 200100);
INSERT INTO "privilege" ("id", "is_active", "unique_id", "create_date", "create_user", "update_date", "update_user", "name", "title", "parent_id") VALUES (300000, TRUE, NULL, '2024-04-23 14:31:57.76441', 1, NULL, NULL, 'AL.*', 'Erişim Logları', NULL);
INSERT INTO "privilege" ("id", "is_active", "unique_id", "create_date", "create_user", "update_date", "update_user", "name", "title", "parent_id") VALUES (300100, TRUE, NULL, '2024-04-23 14:31:57.766056', 1, NULL, NULL, 'AL.01.*', 'Erişim Logları - 1', 300000);
INSERT INTO "privilege" ("id", "is_active", "unique_id", "create_date", "create_user", "update_date", "update_user", "name", "title", "parent_id") VALUES (300101, TRUE, NULL, '2024-04-23 14:31:57.767754', 1, NULL, NULL, 'AL.01.01', 'Erişim Logları - Listeleme', 300100);

-- changeset ahmet:1713874305788-2
INSERT INTO "role" ("id", "is_active", "unique_id", "create_date", "create_user", "update_date", "update_user", "name") VALUES (1, TRUE, NULL, '2024-04-23 14:31:57.727034', 1, NULL, NULL, 'ROLE1');
INSERT INTO "role" ("id", "is_active", "unique_id", "create_date", "create_user", "update_date", "update_user", "name") VALUES (2, TRUE, NULL, '2024-04-23 14:31:57.728761', 1, NULL, NULL, 'ROLE2');
INSERT INTO "role" ("id", "is_active", "unique_id", "create_date", "create_user", "update_date", "update_user", "name") VALUES (3, TRUE, NULL, '2024-04-23 14:31:57.730338', 1, NULL, NULL, 'ROLE3');

-- changeset ahmet:1713874305788-3
INSERT INTO "users" ("id", "is_active", "unique_id", "create_date", "create_user", "update_date", "update_user", "email", "password", "name", "surname", "address") VALUES (1, TRUE, NULL, '2024-04-23 14:31:57.731834', 1, NULL, NULL, 'ahmetokay14@gmail.com', '$2a$10$uTi7e43Cs4FsHLdc6UHC8.DiSs4C4eEUJY/20Mw2eLNXxkg.ktIP6', 'Ahmet', 'Okay', NULL);
INSERT INTO "users" ("id", "is_active", "unique_id", "create_date", "create_user", "update_date", "update_user", "email", "password", "name", "surname", "address") VALUES (2, TRUE, NULL, '2024-04-23 14:31:57.73359', 1, NULL, NULL, 'b@b.com', '$2a$10$uTi7e43Cs4FsHLdc6UHC8.DiSs4C4eEUJY/20Mw2eLNXxkg.ktIP6', 'Ahmet', 'Okay', NULL);

-- changeset ahmet:1713874305788-4
INSERT INTO "test" ("id", "is_active", "unique_id", "create_date", "create_user", "update_date", "update_user", "name") VALUES (1, TRUE, NULL, '2024-04-23 14:31:57.718484', 1, NULL, NULL, 'test1');
INSERT INTO "test" ("id", "is_active", "unique_id", "create_date", "create_user", "update_date", "update_user", "name") VALUES (2, TRUE, NULL, '2024-04-23 14:31:57.720722', 1, NULL, NULL, 'test2');
INSERT INTO "test" ("id", "is_active", "unique_id", "create_date", "create_user", "update_date", "update_user", "name") VALUES (3, TRUE, NULL, '2024-04-23 14:31:57.722427', 1, NULL, NULL, 'test3');
INSERT INTO "test" ("id", "is_active", "unique_id", "create_date", "create_user", "update_date", "update_user", "name") VALUES (4, TRUE, NULL, '2024-04-23 14:31:57.72396', 1, NULL, NULL, 'test4');
INSERT INTO "test" ("id", "is_active", "unique_id", "create_date", "create_user", "update_date", "update_user", "name") VALUES (5, TRUE, NULL, '2024-04-23 14:31:57.725498', 1, NULL, NULL, 'test5');

-- changeset ahmet:1713874305788-5
INSERT INTO "role_privilege" ("fk_role_id", "fk_privilege_id") VALUES (1, 100000);
INSERT INTO "role_privilege" ("fk_role_id", "fk_privilege_id") VALUES (1, 100100);
INSERT INTO "role_privilege" ("fk_role_id", "fk_privilege_id") VALUES (1, 100101);
INSERT INTO "role_privilege" ("fk_role_id", "fk_privilege_id") VALUES (1, 100102);
INSERT INTO "role_privilege" ("fk_role_id", "fk_privilege_id") VALUES (1, 100103);
INSERT INTO "role_privilege" ("fk_role_id", "fk_privilege_id") VALUES (1, 100104);
INSERT INTO "role_privilege" ("fk_role_id", "fk_privilege_id") VALUES (1, 100105);
INSERT INTO "role_privilege" ("fk_role_id", "fk_privilege_id") VALUES (1, 100106);
INSERT INTO "role_privilege" ("fk_role_id", "fk_privilege_id") VALUES (1, 100107);
INSERT INTO "role_privilege" ("fk_role_id", "fk_privilege_id") VALUES (1, 200000);
INSERT INTO "role_privilege" ("fk_role_id", "fk_privilege_id") VALUES (1, 200100);
INSERT INTO "role_privilege" ("fk_role_id", "fk_privilege_id") VALUES (1, 200101);
INSERT INTO "role_privilege" ("fk_role_id", "fk_privilege_id") VALUES (1, 200102);
INSERT INTO "role_privilege" ("fk_role_id", "fk_privilege_id") VALUES (1, 200103);
INSERT INTO "role_privilege" ("fk_role_id", "fk_privilege_id") VALUES (1, 200104);
INSERT INTO "role_privilege" ("fk_role_id", "fk_privilege_id") VALUES (1, 200105);
INSERT INTO "role_privilege" ("fk_role_id", "fk_privilege_id") VALUES (1, 200106);
INSERT INTO "role_privilege" ("fk_role_id", "fk_privilege_id") VALUES (1, 200107);
INSERT INTO "role_privilege" ("fk_role_id", "fk_privilege_id") VALUES (1, 300000);
INSERT INTO "role_privilege" ("fk_role_id", "fk_privilege_id") VALUES (1, 300100);
INSERT INTO "role_privilege" ("fk_role_id", "fk_privilege_id") VALUES (1, 300101);
INSERT INTO "role_privilege" ("fk_role_id", "fk_privilege_id") VALUES (2, 100000);
INSERT INTO "role_privilege" ("fk_role_id", "fk_privilege_id") VALUES (2, 100100);
INSERT INTO "role_privilege" ("fk_role_id", "fk_privilege_id") VALUES (2, 100101);
INSERT INTO "role_privilege" ("fk_role_id", "fk_privilege_id") VALUES (2, 100102);
INSERT INTO "role_privilege" ("fk_role_id", "fk_privilege_id") VALUES (2, 100103);
INSERT INTO "role_privilege" ("fk_role_id", "fk_privilege_id") VALUES (2, 100104);
INSERT INTO "role_privilege" ("fk_role_id", "fk_privilege_id") VALUES (2, 100105);
INSERT INTO "role_privilege" ("fk_role_id", "fk_privilege_id") VALUES (2, 100106);
INSERT INTO "role_privilege" ("fk_role_id", "fk_privilege_id") VALUES (2, 100107);
INSERT INTO "role_privilege" ("fk_role_id", "fk_privilege_id") VALUES (3, 200000);
INSERT INTO "role_privilege" ("fk_role_id", "fk_privilege_id") VALUES (3, 200100);
INSERT INTO "role_privilege" ("fk_role_id", "fk_privilege_id") VALUES (3, 200101);
INSERT INTO "role_privilege" ("fk_role_id", "fk_privilege_id") VALUES (3, 200102);
INSERT INTO "role_privilege" ("fk_role_id", "fk_privilege_id") VALUES (3, 200103);
INSERT INTO "role_privilege" ("fk_role_id", "fk_privilege_id") VALUES (3, 200104);
INSERT INTO "role_privilege" ("fk_role_id", "fk_privilege_id") VALUES (3, 200105);
INSERT INTO "role_privilege" ("fk_role_id", "fk_privilege_id") VALUES (3, 200106);
INSERT INTO "role_privilege" ("fk_role_id", "fk_privilege_id") VALUES (3, 200107);

-- changeset ahmet:1713874305788-6
INSERT INTO "user_role" ("fk_user_id", "fk_role_id") VALUES (1, 1);
INSERT INTO "user_role" ("fk_user_id", "fk_role_id") VALUES (1, 2);
INSERT INTO "user_role" ("fk_user_id", "fk_role_id") VALUES (1, 3);

